Filtered 37 forks: 19 included, 0 private excluded, 18 no commits excluded
fork_name,owner,stars,commits_ahead,activity_status,fork_url,last_push_date,created_date,updated_date,recent_commits
youtube-bot-telegram,MDAltantawy,0,1,Unknown,https://github.com/MDAltantawy/youtube-bot-telegram,2025-01-28 20:38:49,,,2025-01-28 e159ada Update README.md; 2025-01-28 ee4cda1 Update README.md; 2025-01-28 090eff4 Update requirements.txt
youtube-bot-telegram,XXF91,0,1,Unknown,https://github.com/XXF91/youtube-bot-telegram,2024-12-15 21:16:43,,,2024-12-15 4a1045e Update config.py; 2024-12-15 3496d91 Update config.py
youtube-bot-telegram,RvC12345,0,1,Unknown,https://github.com/RvC12345/youtube-bot-telegram,2024-11-10 05:20:08,,,2024-11-10 47b8828 Update config.py; 2024-11-10 e4e2d53 Update requirements.txt; 2024-11-10 c9f9cca Create app.py; 2024-11-10 7e612e7 Create Dockerfile
youtube-bot-telegram,Hetlr88,0,1,Unknown,https://github.com/Hetlr88/youtube-bot-telegram,2024-08-25 22:56:07,,,2024-08-25 11edb60 Update config.py; 2024-08-25 d9dbb5c Create Dockerfile; 2024-08-25 ea923fb Update config.py; 2024-08-25 1a39d7f Update config.py
youtube-bot-telegram,ramanj2266,0,1,Unknown,https://github.com/ramanj2266/youtube-bot-telegram,2024-04-26 11:43:10,,,2024-04-26 0b29e50 Update _yt_playlist.py
youtube-bot-telegram,KINGSKR,0,1,Unknown,https://github.com/KINGSKR/youtube-bot-telegram,2024-04-24 07:26:51,,,2024-04-24 520669d Update config.py; 2024-04-24 9938d92 Update app.json; 2024-04-24 bed7385 Update README.md; 2024-04-24 74f83c8 Update config.py; 2024-04-24 90d2b52 Update config.py
youtube-bot-telegram,yahyabassa,0,1,Unknown,https://github.com/yahyabassa/youtube-bot-telegram,2024-01-04 13:57:52,,,2024-01-04 35d803a Update requirements.txt; 2024-01-04 4599e21 Update requirements.txt
youtube-bot-telegram,mahcopration,0,1,Unknown,https://github.com/mahcopration/youtube-bot-telegram,2023-12-04 22:44:08,,,2023-12-04 b86c39b Update README.md
youtubebottelegram,AnonymousX0408,0,1,Unknown,https://github.com/AnonymousX0408/youtubebottelegram,2023-10-28 17:21:54,,,2023-10-28 c516925 Update README.md
youtube-bot-telegram,Shivamvermaaa,0,1,Unknown,https://github.com/Shivamvermaaa/youtube-bot-telegram,2023-06-27 03:53:42,,,2023-06-26 18f6593 Update requirements.txt; 2023-06-26 7717c15 Create app.py; 2023-06-26 9ab9297 Create run cmd.txt; 2023-06-27 3750074 Delete _yt_playlist.py
tg-youtube-bot-docker,Xelio,0,1,Unknown,https://github.com/Xelio/tg-youtube-bot-docker,2023-06-20 12:47:52,,,2023-06-19 0459d28 Add moviepy and TgCrypto to requirements.txt; 2023-06-19 3d76b95 Add Dockerfile; 2023-06-19 dce386c Create docker-publish.yml; 2023-06-19 796c232 Add provenance: false to build-push-action; 2023-06-19 572327a Add .dockerignore; 2023-06-20 78aac69 Add docker-compose.yml
YouTube_bot_telegramhh,hshdeujd,0,1,Unknown,https://github.com/hshdeujd/YouTube_bot_telegramhh,2023-03-13 03:46:30,,,2023-03-13 3a60809 Update README.md
YouTube_bot_telegram,GreatBots,0,1,Unknown,https://github.com/GreatBots/YouTube_bot_telegram,2023-03-04 01:21:23,,,2023-03-03 e38848a Update _start.py; 2023-03-03 79e6134 Update README.md; 2023-03-03 4213e0e Update requirements.txt; 2023-03-03 4be8661 Update _yt_download.py; 2023-03-03 335456a Update _yt_download.py; 2023-03-03 bce80c1 Update _yt_download.py; 2023-03-04 eb2c234 Create forcesub.py; 2023-03-04 03c192f Update forcesub.py; 2023-03-04 f1038c7 Update _start.py
YouTube_bot_telegram,onxen,0,1,Unknown,https://github.com/onxen/YouTube_bot_telegram,2023-01-20 13:46:55,,,2023-01-20 3cd0a1c Update config.py; 2023-01-20 a5be56c Update requirements.txt
YouTube_bot_telegram,sholoomail,0,1,Unknown,https://github.com/sholoomail/YouTube_bot_telegram,2022-12-27 16:00:27,,,2022-12-27 0ea782d Create render.yaml; 2022-12-27 47ce9ba Update render.yaml; 2022-12-27 044a9a7 Update README.md; 2022-12-27 88b77c5 Update render.yaml; 2022-12-27 6e31eeb Update requirements.txt
youtube-bot-telegram,KrishaVV44,0,None,Unknown,https://github.com/KrishaVV44/youtube-bot-telegram,2023-10-25 12:50:46,,,
youtube-bot-telegram,koniya113,0,Unknown,Unknown,https://github.com/koniya113/youtube-bot-telegram,2023-07-15 14:20:08,,,
youtube-bot-telegram,oshada12345,0,Unknown,Unknown,https://github.com/oshada12345/youtube-bot-telegram,2023-06-08 05:39:41,,,
YouTube_bot_telegram,ananth-28,0,Unknown,Unknown,https://github.com/ananth-28/YouTube_bot_telegram,2023-01-09 23:03:15,,,
